model,scenario,region,variable,unit,year,value,data_source
Macro_Economy,Current Trend,World,GDP|PPP|Per Capita,thousand US$2010/yr,2020,13.144329896907216,geo
Macro_Economy,Current Trend,World,GDP|PPP|Per Capita,thousand US$2010/yr,2030,17.339667458432302,geo
Macro_Economy,Current Trend,World,GDP|PPP|Per Capita,thousand US$2010/yr,2040,21.316964285714285,geo
Macro_Economy,Current Trend,World,GDP|PPP|Per Capita,thousand US$2010/yr,2050,25.56149732620321,geo
AIM/CGE 2.0,ADVANCE_Reference,World,GDP|PPP|Per Capita,thousand US$2010/yr,2020,14.147735052934962,ar6
AIM/CGE 2.0,ADVANCE_Reference,World,GDP|PPP|Per Capita,thousand US$2010/yr,2025,16.35865083195803,ar6
AIM/CGE 2.0,ADVANCE_Reference,World,GDP|PPP|Per Capita,thousand US$2010/yr,2030,18.518272974822896,ar6
AIM/CGE 2.0,ADVANCE_Reference,World,GDP|PPP|Per Capita,thousand US$2010/yr,2035,20.5844339865965,ar6
AIM/CGE 2.0,ADVANCE_Reference,World,GDP|PPP|Per Capita,thousand US$2010/yr,2040,22.70480855361811,ar6
AIM/CGE 2.0,ADVANCE_Reference,World,GDP|PPP|Per Capita,thousand US$2010/yr,2045,24.89926149045171,ar6
AIM/CGE 2.0,ADVANCE_Reference,World,GDP|PPP|Per Capita,thousand US$2010/yr,2050,27.157879436788356,ar6
AIM/CGE 2.1,CO_CurPol,World,GDP|PPP|Per Capita,thousand US$2010/yr,2020,14.060041921379936,ar6
AIM/CGE 2.1,CO_CurPol,World,GDP|PPP|Per Capita,thousand US$2010/yr,2025,16.205894840899553,ar6
AIM/CGE 2.1,CO_CurPol,World,GDP|PPP|Per Capita,thousand US$2010/yr,2030,18.294441775411563,ar6
AIM/CGE 2.1,CO_CurPol,World,GDP|PPP|Per Capita,thousand US$2010/yr,2035,20.281189165033886,ar6
AIM/CGE 2.1,CO_CurPol,World,GDP|PPP|Per Capita,thousand US$2010/yr,2040,22.308861242968344,ar6
AIM/CGE 2.1,CO_CurPol,World,GDP|PPP|Per Capita,thousand US$2010/yr,2045,24.395699595333504,ar6
AIM/CGE 2.1,CO_CurPol,World,GDP|PPP|Per Capita,thousand US$2010/yr,2050,26.523746807999213,ar6
GCAM 5.3,NGFS2_Current Policies,World,GDP|PPP|Per Capita,thousand US$2010/yr,2020,14.70447095001087,ar6
GCAM 5.3,NGFS2_Current Policies,World,GDP|PPP|Per Capita,thousand US$2010/yr,2025,16.412579444308378,ar6
GCAM 5.3,NGFS2_Current Policies,World,GDP|PPP|Per Capita,thousand US$2010/yr,2030,18.404238314089483,ar6
GCAM 5.3,NGFS2_Current Policies,World,GDP|PPP|Per Capita,thousand US$2010/yr,2035,20.303510622282083,ar6
GCAM 5.3,NGFS2_Current Policies,World,GDP|PPP|Per Capita,thousand US$2010/yr,2040,22.246890081345704,ar6
GCAM 5.3,NGFS2_Current Policies,World,GDP|PPP|Per Capita,thousand US$2010/yr,2045,24.246831073826296,ar6
GCAM 5.3,NGFS2_Current Policies,World,GDP|PPP|Per Capita,thousand US$2010/yr,2050,26.283665115815474,ar6
IMAGE 3.0,CO_CurPol,World,GDP|PPP|Per Capita,thousand US$2010/yr,2020,14.671028590931993,ar6
IMAGE 3.0,CO_CurPol,World,GDP|PPP|Per Capita,thousand US$2010/yr,2025,17.003439948736368,ar6
IMAGE 3.0,CO_CurPol,World,GDP|PPP|Per Capita,thousand US$2010/yr,2030,19.262867732050026,ar6
IMAGE 3.0,CO_CurPol,World,GDP|PPP|Per Capita,thousand US$2010/yr,2035,21.401333070629548,ar6
IMAGE 3.0,CO_CurPol,World,GDP|PPP|Per Capita,thousand US$2010/yr,2040,23.57469490474046,ar6
IMAGE 3.0,CO_CurPol,World,GDP|PPP|Per Capita,thousand US$2010/yr,2045,25.804557814327676,ar6
IMAGE 3.0,CO_CurPol,World,GDP|PPP|Per Capita,thousand US$2010/yr,2050,28.07101460243076,ar6
IMAGE 3.0,EN_NPi2100,World,GDP|PPP|Per Capita,thousand US$2010/yr,2020,14.671028590931993,ar6
IMAGE 3.0,EN_NPi2100,World,GDP|PPP|Per Capita,thousand US$2010/yr,2025,17.003439948736368,ar6
IMAGE 3.0,EN_NPi2100,World,GDP|PPP|Per Capita,thousand US$2010/yr,2030,19.262867732050026,ar6
IMAGE 3.0,EN_NPi2100,World,GDP|PPP|Per Capita,thousand US$2010/yr,2035,21.401333070629548,ar6
IMAGE 3.0,EN_NPi2100,World,GDP|PPP|Per Capita,thousand US$2010/yr,2040,23.57469490474046,ar6
IMAGE 3.0,EN_NPi2100,World,GDP|PPP|Per Capita,thousand US$2010/yr,2045,25.804557814327676,ar6
IMAGE 3.0,EN_NPi2100,World,GDP|PPP|Per Capita,thousand US$2010/yr,2050,28.07101460243076,ar6
IMAGE 3.0.1,ADVANCE_Reference,World,GDP|PPP|Per Capita,thousand US$2010/yr,2020,14.568519187363744,ar6
IMAGE 3.0.1,ADVANCE_Reference,World,GDP|PPP|Per Capita,thousand US$2010/yr,2025,16.884633522692557,ar6
IMAGE 3.0.1,ADVANCE_Reference,World,GDP|PPP|Per Capita,thousand US$2010/yr,2030,19.12827424177199,ar6
IMAGE 3.0.1,ADVANCE_Reference,World,GDP|PPP|Per Capita,thousand US$2010/yr,2035,21.251797698483244,ar6
IMAGE 3.0.1,ADVANCE_Reference,World,GDP|PPP|Per Capita,thousand US$2010/yr,2040,23.409973813428994,ar6
IMAGE 3.0.1,ADVANCE_Reference,World,GDP|PPP|Per Capita,thousand US$2010/yr,2045,25.624256233719517,ar6
IMAGE 3.0.1,ADVANCE_Reference,World,GDP|PPP|Per Capita,thousand US$2010/yr,2050,27.874876835421798,ar6
IMAGE 3.0.1,CD-LINKS_NPi,World,GDP|PPP|Per Capita,thousand US$2010/yr,2020,14.671028592276254,ar6
IMAGE 3.0.1,CD-LINKS_NPi,World,GDP|PPP|Per Capita,thousand US$2010/yr,2025,17.00343994877536,ar6
IMAGE 3.0.1,CD-LINKS_NPi,World,GDP|PPP|Per Capita,thousand US$2010/yr,2030,19.262867735727518,ar6
IMAGE 3.0.1,CD-LINKS_NPi,World,GDP|PPP|Per Capita,thousand US$2010/yr,2035,21.40133307523966,ar6
IMAGE 3.0.1,CD-LINKS_NPi,World,GDP|PPP|Per Capita,thousand US$2010/yr,2040,23.57469490918601,ar6
IMAGE 3.0.1,CD-LINKS_NPi,World,GDP|PPP|Per Capita,thousand US$2010/yr,2045,25.804557814293222,ar6
IMAGE 3.0.1,CD-LINKS_NPi,World,GDP|PPP|Per Capita,thousand US$2010/yr,2050,28.071014598170567,ar6
MESSAGE-GLOBIOM 1.0,ADVANCE_Reference,World,GDP|PPP|Per Capita,thousand US$2010/yr,2020,14.613159467892922,ar6
MESSAGE-GLOBIOM 1.0,ADVANCE_Reference,World,GDP|PPP|Per Capita,thousand US$2010/yr,2030,19.03445658975622,ar6
MESSAGE-GLOBIOM 1.0,ADVANCE_Reference,World,GDP|PPP|Per Capita,thousand US$2010/yr,2040,23.24945374593723,ar6
MESSAGE-GLOBIOM 1.0,ADVANCE_Reference,World,GDP|PPP|Per Capita,thousand US$2010/yr,2050,27.700532548960584,ar6
MESSAGEix-GLOBIOM 1.0,CD-LINKS_NPi,World,GDP|PPP|Per Capita,thousand US$2010/yr,2020,14.720859333223846,ar6
MESSAGEix-GLOBIOM 1.0,CD-LINKS_NPi,World,GDP|PPP|Per Capita,thousand US$2010/yr,2030,19.18473317004477,ar6
MESSAGEix-GLOBIOM 1.0,CD-LINKS_NPi,World,GDP|PPP|Per Capita,thousand US$2010/yr,2040,23.449790403679213,ar6
MESSAGEix-GLOBIOM 1.0,CD-LINKS_NPi,World,GDP|PPP|Per Capita,thousand US$2010/yr,2050,27.957323172178498,ar6
MESSAGEix-GLOBIOM_1.0,CO_CurPol,World,GDP|PPP|Per Capita,thousand US$2010/yr,2020,14.724445491598845,ar6
MESSAGEix-GLOBIOM_1.0,CO_CurPol,World,GDP|PPP|Per Capita,thousand US$2010/yr,2030,19.19146616826385,ar6
MESSAGEix-GLOBIOM_1.0,CO_CurPol,World,GDP|PPP|Per Capita,thousand US$2010/yr,2040,23.463166981655373,ar6
MESSAGEix-GLOBIOM_1.0,CO_CurPol,World,GDP|PPP|Per Capita,thousand US$2010/yr,2050,27.974375245608197,ar6
MESSAGEix-GLOBIOM_1.1,EN_NPi2100,World,GDP|PPP|Per Capita,thousand US$2010/yr,2020,14.731929736250777,ar6
MESSAGEix-GLOBIOM_1.1,EN_NPi2100,World,GDP|PPP|Per Capita,thousand US$2010/yr,2025,17.37522020025105,ar6
MESSAGEix-GLOBIOM_1.1,EN_NPi2100,World,GDP|PPP|Per Capita,thousand US$2010/yr,2030,19.18295568869185,ar6
MESSAGEix-GLOBIOM_1.1,EN_NPi2100,World,GDP|PPP|Per Capita,thousand US$2010/yr,2035,21.590038936309483,ar6
MESSAGEix-GLOBIOM_1.1,EN_NPi2100,World,GDP|PPP|Per Capita,thousand US$2010/yr,2040,23.43961702591875,ar6
MESSAGEix-GLOBIOM_1.1,EN_NPi2100,World,GDP|PPP|Per Capita,thousand US$2010/yr,2045,25.936205092468978,ar6
MESSAGEix-GLOBIOM_1.1,EN_NPi2100,World,GDP|PPP|Per Capita,thousand US$2010/yr,2050,27.939396921696893,ar6
MESSAGEix-GLOBIOM_1.1,EN_NPi2100_COV,World,GDP|PPP|Per Capita,thousand US$2010/yr,2020,13.623839948912888,ar6
MESSAGEix-GLOBIOM_1.1,EN_NPi2100_COV,World,GDP|PPP|Per Capita,thousand US$2010/yr,2025,15.669785898130565,ar6
MESSAGEix-GLOBIOM_1.1,EN_NPi2100_COV,World,GDP|PPP|Per Capita,thousand US$2010/yr,2030,17.269281981459958,ar6
MESSAGEix-GLOBIOM_1.1,EN_NPi2100_COV,World,GDP|PPP|Per Capita,thousand US$2010/yr,2035,19.399972685473326,ar6
MESSAGEix-GLOBIOM_1.1,EN_NPi2100_COV,World,GDP|PPP|Per Capita,thousand US$2010/yr,2040,21.029286712564364,ar6
MESSAGEix-GLOBIOM_1.1,EN_NPi2100_COV,World,GDP|PPP|Per Capita,thousand US$2010/yr,2045,23.22703287692588,ar6
MESSAGEix-GLOBIOM_1.1,EN_NPi2100_COV,World,GDP|PPP|Per Capita,thousand US$2010/yr,2050,24.984508070510017,ar6
MESSAGEix-GLOBIOM_1.1,NGFS2_Current Policies,World,GDP|PPP|Per Capita,thousand US$2010/yr,2020,15.211017301323698,ar6
MESSAGEix-GLOBIOM_1.1,NGFS2_Current Policies,World,GDP|PPP|Per Capita,thousand US$2010/yr,2025,17.495314737728403,ar6
MESSAGEix-GLOBIOM_1.1,NGFS2_Current Policies,World,GDP|PPP|Per Capita,thousand US$2010/yr,2030,19.281150975781866,ar6
MESSAGEix-GLOBIOM_1.1,NGFS2_Current Policies,World,GDP|PPP|Per Capita,thousand US$2010/yr,2035,21.66094415735484,ar6
MESSAGEix-GLOBIOM_1.1,NGFS2_Current Policies,World,GDP|PPP|Per Capita,thousand US$2010/yr,2040,23.47913676667099,ar6
MESSAGEix-GLOBIOM_1.1,NGFS2_Current Policies,World,GDP|PPP|Per Capita,thousand US$2010/yr,2045,25.931133392599673,ar6
MESSAGEix-GLOBIOM_1.1,NGFS2_Current Policies,World,GDP|PPP|Per Capita,thousand US$2010/yr,2050,27.891222534291767,ar6
POLES ADVANCE,ADVANCE_Reference,World,GDP|PPP|Per Capita,thousand US$2010/yr,2020,13.3329618222936,ar6
POLES ADVANCE,ADVANCE_Reference,World,GDP|PPP|Per Capita,thousand US$2010/yr,2025,15.199507682458625,ar6
POLES ADVANCE,ADVANCE_Reference,World,GDP|PPP|Per Capita,thousand US$2010/yr,2030,17.27632088814253,ar6
POLES ADVANCE,ADVANCE_Reference,World,GDP|PPP|Per Capita,thousand US$2010/yr,2035,19.49192175104027,ar6
POLES ADVANCE,ADVANCE_Reference,World,GDP|PPP|Per Capita,thousand US$2010/yr,2040,21.773413139188985,ar6
POLES ADVANCE,ADVANCE_Reference,World,GDP|PPP|Per Capita,thousand US$2010/yr,2045,24.033876826010644,ar6
POLES ADVANCE,ADVANCE_Reference,World,GDP|PPP|Per Capita,thousand US$2010/yr,2050,26.332618464617898,ar6
POLES CD-LINKS,CD-LINKS_NPi,World,GDP|PPP|Per Capita,thousand US$2010/yr,2020,13.406858962321435,ar6
POLES CD-LINKS,CD-LINKS_NPi,World,GDP|PPP|Per Capita,thousand US$2010/yr,2025,15.230930911515527,ar6
POLES CD-LINKS,CD-LINKS_NPi,World,GDP|PPP|Per Capita,thousand US$2010/yr,2030,17.296356586140828,ar6
POLES CD-LINKS,CD-LINKS_NPi,World,GDP|PPP|Per Capita,thousand US$2010/yr,2035,19.51518625149582,ar6
POLES CD-LINKS,CD-LINKS_NPi,World,GDP|PPP|Per Capita,thousand US$2010/yr,2040,21.806725499401544,ar6
POLES CD-LINKS,CD-LINKS_NPi,World,GDP|PPP|Per Capita,thousand US$2010/yr,2045,24.082630827601573,ar6
POLES CD-LINKS,CD-LINKS_NPi,World,GDP|PPP|Per Capita,thousand US$2010/yr,2050,26.403632020430084,ar6
POLES ENGAGE,EN_NPi2100,World,GDP|PPP|Per Capita,thousand US$2010/yr,2020,13.957332629922348,ar6
POLES ENGAGE,EN_NPi2100,World,GDP|PPP|Per Capita,thousand US$2010/yr,2025,16.025560060536986,ar6
POLES ENGAGE,EN_NPi2100,World,GDP|PPP|Per Capita,thousand US$2010/yr,2030,18.03594582106497,ar6
POLES ENGAGE,EN_NPi2100,World,GDP|PPP|Per Capita,thousand US$2010/yr,2035,20.078479833010274,ar6
POLES ENGAGE,EN_NPi2100,World,GDP|PPP|Per Capita,thousand US$2010/yr,2040,22.273235250922223,ar6
POLES ENGAGE,EN_NPi2100,World,GDP|PPP|Per Capita,thousand US$2010/yr,2045,24.68429183156699,ar6
POLES ENGAGE,EN_NPi2100,World,GDP|PPP|Per Capita,thousand US$2010/yr,2050,27.389600374520114,ar6
POLES GECO2019,CO_CurPol,World,GDP|PPP|Per Capita,thousand US$2010/yr,2020,13.957332629922348,ar6
POLES GECO2019,CO_CurPol,World,GDP|PPP|Per Capita,thousand US$2010/yr,2025,16.025560060536986,ar6
POLES GECO2019,CO_CurPol,World,GDP|PPP|Per Capita,thousand US$2010/yr,2030,18.03594582106497,ar6
POLES GECO2019,CO_CurPol,World,GDP|PPP|Per Capita,thousand US$2010/yr,2035,20.078479833010274,ar6
POLES GECO2019,CO_CurPol,World,GDP|PPP|Per Capita,thousand US$2010/yr,2040,22.273235250922223,ar6
POLES GECO2019,CO_CurPol,World,GDP|PPP|Per Capita,thousand US$2010/yr,2045,24.68429183156699,ar6
POLES GECO2019,CO_CurPol,World,GDP|PPP|Per Capita,thousand US$2010/yr,2050,27.389600374520114,ar6
PROMETHEUS 1.0,CO_CurPol,World,GDP|PPP|Per Capita,thousand US$2010/yr,2020,14.97717521238226,ar6
PROMETHEUS 1.0,CO_CurPol,World,GDP|PPP|Per Capita,thousand US$2010/yr,2025,17.103457912908322,ar6
PROMETHEUS 1.0,CO_CurPol,World,GDP|PPP|Per Capita,thousand US$2010/yr,2030,19.44426110524987,ar6
PROMETHEUS 1.0,CO_CurPol,World,GDP|PPP|Per Capita,thousand US$2010/yr,2035,21.874479757307835,ar6
PROMETHEUS 1.0,CO_CurPol,World,GDP|PPP|Per Capita,thousand US$2010/yr,2040,24.578175597853317,ar6
PROMETHEUS 1.0,CO_CurPol,World,GDP|PPP|Per Capita,thousand US$2010/yr,2045,27.342137953106008,ar6
PROMETHEUS 1.0,CO_CurPol,World,GDP|PPP|Per Capita,thousand US$2010/yr,2050,30.152806611201047,ar6
REMIND 1.7,ADVANCE_Reference,World,GDP|PPP|Per Capita,thousand US$2010/yr,2020,14.570339121316607,ar6
REMIND 1.7,ADVANCE_Reference,World,GDP|PPP|Per Capita,thousand US$2010/yr,2025,16.675630164131945,ar6
REMIND 1.7,ADVANCE_Reference,World,GDP|PPP|Per Capita,thousand US$2010/yr,2030,18.85303923361413,ar6
REMIND 1.7,ADVANCE_Reference,World,GDP|PPP|Per Capita,thousand US$2010/yr,2035,21.050772221892927,ar6
REMIND 1.7,ADVANCE_Reference,World,GDP|PPP|Per Capita,thousand US$2010/yr,2040,23.26937179743416,ar6
REMIND 1.7,ADVANCE_Reference,World,GDP|PPP|Per Capita,thousand US$2010/yr,2045,25.556419051878684,ar6
REMIND 1.7,ADVANCE_Reference,World,GDP|PPP|Per Capita,thousand US$2010/yr,2050,27.88163203578863,ar6
REMIND 2.1,LeastTotalCost_NPi_brkLR15_SSP1_P50,World,GDP|PPP|Per Capita,thousand US$2010/yr,2020,15.002921426401777,ar6
REMIND 2.1,LeastTotalCost_NPi_brkLR15_SSP1_P50,World,GDP|PPP|Per Capita,thousand US$2010/yr,2025,17.79562398414501,ar6
REMIND 2.1,LeastTotalCost_NPi_brkLR15_SSP1_P50,World,GDP|PPP|Per Capita,thousand US$2010/yr,2030,21.115662756858498,ar6
REMIND 2.1,LeastTotalCost_NPi_brkLR15_SSP1_P50,World,GDP|PPP|Per Capita,thousand US$2010/yr,2035,24.923591190345505,ar6
REMIND 2.1,LeastTotalCost_NPi_brkLR15_SSP1_P50,World,GDP|PPP|Per Capita,thousand US$2010/yr,2040,28.84234752934984,ar6
REMIND 2.1,LeastTotalCost_NPi_brkLR15_SSP1_P50,World,GDP|PPP|Per Capita,thousand US$2010/yr,2045,32.85651678332145,ar6
REMIND 2.1,LeastTotalCost_NPi_brkLR15_SSP1_P50,World,GDP|PPP|Per Capita,thousand US$2010/yr,2050,36.93716992055238,ar6
REMIND 2.1,LeastTotalCost_NPi_brkSR15_SSP1_P50,World,GDP|PPP|Per Capita,thousand US$2010/yr,2020,14.988371834332762,ar6
REMIND 2.1,LeastTotalCost_NPi_brkSR15_SSP1_P50,World,GDP|PPP|Per Capita,thousand US$2010/yr,2025,17.785967929005505,ar6
REMIND 2.1,LeastTotalCost_NPi_brkSR15_SSP1_P50,World,GDP|PPP|Per Capita,thousand US$2010/yr,2030,21.12476221073271,ar6
REMIND 2.1,LeastTotalCost_NPi_brkSR15_SSP1_P50,World,GDP|PPP|Per Capita,thousand US$2010/yr,2035,24.955355124162896,ar6
REMIND 2.1,LeastTotalCost_NPi_brkSR15_SSP1_P50,World,GDP|PPP|Per Capita,thousand US$2010/yr,2040,28.92152041422415,ar6
REMIND 2.1,LeastTotalCost_NPi_brkSR15_SSP1_P50,World,GDP|PPP|Per Capita,thousand US$2010/yr,2045,33.016001536578244,ar6
REMIND 2.1,LeastTotalCost_NPi_brkSR15_SSP1_P50,World,GDP|PPP|Per Capita,thousand US$2010/yr,2050,37.16765224947656,ar6
REMIND 2.1,R2p1_SSP1-NPi,World,GDP|PPP|Per Capita,thousand US$2010/yr,2020,15.001040058595057,ar6
REMIND 2.1,R2p1_SSP1-NPi,World,GDP|PPP|Per Capita,thousand US$2010/yr,2025,17.79011134756914,ar6
REMIND 2.1,R2p1_SSP1-NPi,World,GDP|PPP|Per Capita,thousand US$2010/yr,2030,21.14448915142055,ar6
REMIND 2.1,R2p1_SSP1-NPi,World,GDP|PPP|Per Capita,thousand US$2010/yr,2035,25.04343692861617,ar6
REMIND 2.1,R2p1_SSP1-NPi,World,GDP|PPP|Per Capita,thousand US$2010/yr,2040,29.10568158253449,ar6
REMIND 2.1,R2p1_SSP1-NPi,World,GDP|PPP|Per Capita,thousand US$2010/yr,2045,33.330917848819766,ar6
REMIND 2.1,R2p1_SSP1-NPi,World,GDP|PPP|Per Capita,thousand US$2010/yr,2050,37.64159149483018,ar6
REMIND-MAgPIE 1.7-3.0,CD-LINKS_NPi,World,GDP|PPP|Per Capita,thousand US$2010/yr,2020,14.588331947664683,ar6
REMIND-MAgPIE 1.7-3.0,CD-LINKS_NPi,World,GDP|PPP|Per Capita,thousand US$2010/yr,2025,16.704319338752484,ar6
REMIND-MAgPIE 1.7-3.0,CD-LINKS_NPi,World,GDP|PPP|Per Capita,thousand US$2010/yr,2030,18.90749269931104,ar6
REMIND-MAgPIE 1.7-3.0,CD-LINKS_NPi,World,GDP|PPP|Per Capita,thousand US$2010/yr,2035,21.128020754211654,ar6
REMIND-MAgPIE 1.7-3.0,CD-LINKS_NPi,World,GDP|PPP|Per Capita,thousand US$2010/yr,2040,23.36789426112493,ar6
REMIND-MAgPIE 1.7-3.0,CD-LINKS_NPi,World,GDP|PPP|Per Capita,thousand US$2010/yr,2045,25.683319550440398,ar6
REMIND-MAgPIE 1.7-3.0,CD-LINKS_NPi,World,GDP|PPP|Per Capita,thousand US$2010/yr,2050,28.041691488251153,ar6
REMIND-MAgPIE 1.7-3.0,CO_CurPol,World,GDP|PPP|Per Capita,thousand US$2010/yr,2020,14.687021438429719,ar6
REMIND-MAgPIE 1.7-3.0,CO_CurPol,World,GDP|PPP|Per Capita,thousand US$2010/yr,2025,16.80811824564755,ar6
REMIND-MAgPIE 1.7-3.0,CO_CurPol,World,GDP|PPP|Per Capita,thousand US$2010/yr,2030,18.995629915340725,ar6
REMIND-MAgPIE 1.7-3.0,CO_CurPol,World,GDP|PPP|Per Capita,thousand US$2010/yr,2035,21.195749500840243,ar6
REMIND-MAgPIE 1.7-3.0,CO_CurPol,World,GDP|PPP|Per Capita,thousand US$2010/yr,2040,23.405791440535474,ar6
REMIND-MAgPIE 1.7-3.0,CO_CurPol,World,GDP|PPP|Per Capita,thousand US$2010/yr,2045,25.67359135618566,ar6
REMIND-MAgPIE 1.7-3.0,CO_CurPol,World,GDP|PPP|Per Capita,thousand US$2010/yr,2050,27.986042589822244,ar6
REMIND-MAgPIE 2.1-4.2,CEMICS_SSP1-Npi,World,GDP|PPP|Per Capita,thousand US$2010/yr,2020,15.032858861063161,ar6
REMIND-MAgPIE 2.1-4.2,CEMICS_SSP1-Npi,World,GDP|PPP|Per Capita,thousand US$2010/yr,2025,17.843374805583398,ar6
REMIND-MAgPIE 2.1-4.2,CEMICS_SSP1-Npi,World,GDP|PPP|Per Capita,thousand US$2010/yr,2030,21.14524273963317,ar6
REMIND-MAgPIE 2.1-4.2,CEMICS_SSP1-Npi,World,GDP|PPP|Per Capita,thousand US$2010/yr,2035,25.04385806182054,ar6
REMIND-MAgPIE 2.1-4.2,CEMICS_SSP1-Npi,World,GDP|PPP|Per Capita,thousand US$2010/yr,2040,29.10083303213657,ar6
REMIND-MAgPIE 2.1-4.2,CEMICS_SSP1-Npi,World,GDP|PPP|Per Capita,thousand US$2010/yr,2045,33.315464745784716,ar6
REMIND-MAgPIE 2.1-4.2,CEMICS_SSP1-Npi,World,GDP|PPP|Per Capita,thousand US$2010/yr,2050,37.578240298073496,ar6
REMIND-MAgPIE 2.1-4.2,EN_NPi2100,World,GDP|PPP|Per Capita,thousand US$2010/yr,2020,14.87470839551427,ar6
REMIND-MAgPIE 2.1-4.2,EN_NPi2100,World,GDP|PPP|Per Capita,thousand US$2010/yr,2025,17.053408454585828,ar6
REMIND-MAgPIE 2.1-4.2,EN_NPi2100,World,GDP|PPP|Per Capita,thousand US$2010/yr,2030,19.13167917791325,ar6
REMIND-MAgPIE 2.1-4.2,EN_NPi2100,World,GDP|PPP|Per Capita,thousand US$2010/yr,2035,21.29327158334378,ar6
REMIND-MAgPIE 2.1-4.2,EN_NPi2100,World,GDP|PPP|Per Capita,thousand US$2010/yr,2040,23.433411414119643,ar6
REMIND-MAgPIE 2.1-4.2,EN_NPi2100,World,GDP|PPP|Per Capita,thousand US$2010/yr,2045,25.674439421602678,ar6
REMIND-MAgPIE 2.1-4.2,EN_NPi2100,World,GDP|PPP|Per Capita,thousand US$2010/yr,2050,27.998246655119093,ar6
REMIND-MAgPIE 2.1-4.2,EN_NPi2100_COV,World,GDP|PPP|Per Capita,thousand US$2010/yr,2020,13.774333480229563,ar6
REMIND-MAgPIE 2.1-4.2,EN_NPi2100_COV,World,GDP|PPP|Per Capita,thousand US$2010/yr,2025,15.38128954589022,ar6
REMIND-MAgPIE 2.1-4.2,EN_NPi2100_COV,World,GDP|PPP|Per Capita,thousand US$2010/yr,2030,17.21120714727609,ar6
REMIND-MAgPIE 2.1-4.2,EN_NPi2100_COV,World,GDP|PPP|Per Capita,thousand US$2010/yr,2035,19.117412941265144,ar6
REMIND-MAgPIE 2.1-4.2,EN_NPi2100_COV,World,GDP|PPP|Per Capita,thousand US$2010/yr,2040,21.019585837013178,ar6
REMIND-MAgPIE 2.1-4.2,EN_NPi2100_COV,World,GDP|PPP|Per Capita,thousand US$2010/yr,2045,22.98560362451913,ar6
REMIND-MAgPIE 2.1-4.2,EN_NPi2100_COV,World,GDP|PPP|Per Capita,thousand US$2010/yr,2050,25.01275693461371,ar6
REMIND-MAgPIE 2.1-4.2,NGFS2_Current Policies,World,GDP|PPP|Per Capita,thousand US$2010/yr,2020,13.7812980259384,ar6
REMIND-MAgPIE 2.1-4.2,NGFS2_Current Policies,World,GDP|PPP|Per Capita,thousand US$2010/yr,2025,15.390525329522099,ar6
REMIND-MAgPIE 2.1-4.2,NGFS2_Current Policies,World,GDP|PPP|Per Capita,thousand US$2010/yr,2030,17.252120880120533,ar6
REMIND-MAgPIE 2.1-4.2,NGFS2_Current Policies,World,GDP|PPP|Per Capita,thousand US$2010/yr,2035,19.12818006505699,ar6
REMIND-MAgPIE 2.1-4.2,NGFS2_Current Policies,World,GDP|PPP|Per Capita,thousand US$2010/yr,2040,21.022595433479804,ar6
REMIND-MAgPIE 2.1-4.2,NGFS2_Current Policies,World,GDP|PPP|Per Capita,thousand US$2010/yr,2045,22.98981193761634,ar6
REMIND-MAgPIE 2.1-4.2,NGFS2_Current Policies,World,GDP|PPP|Per Capita,thousand US$2010/yr,2050,25.026899823405998,ar6
REMIND-MAgPIE 2.1-4.2,NGFS2_Current Policies - IPD-95th,World,GDP|PPP|Per Capita,thousand US$2010/yr,2020,13.784444548634747,ar6
REMIND-MAgPIE 2.1-4.2,NGFS2_Current Policies - IPD-95th,World,GDP|PPP|Per Capita,thousand US$2010/yr,2025,15.387178919576636,ar6
REMIND-MAgPIE 2.1-4.2,NGFS2_Current Policies - IPD-95th,World,GDP|PPP|Per Capita,thousand US$2010/yr,2030,17.2335662421198,ar6
REMIND-MAgPIE 2.1-4.2,NGFS2_Current Policies - IPD-95th,World,GDP|PPP|Per Capita,thousand US$2010/yr,2035,19.08757712610701,ar6
REMIND-MAgPIE 2.1-4.2,NGFS2_Current Policies - IPD-95th,World,GDP|PPP|Per Capita,thousand US$2010/yr,2040,20.937969369274473,ar6
REMIND-MAgPIE 2.1-4.2,NGFS2_Current Policies - IPD-95th,World,GDP|PPP|Per Capita,thousand US$2010/yr,2045,22.837928731198335,ar6
REMIND-MAgPIE 2.1-4.2,NGFS2_Current Policies - IPD-95th,World,GDP|PPP|Per Capita,thousand US$2010/yr,2050,24.788261713700226,ar6
REMIND-MAgPIE 2.1-4.2,SusDev_SSP1-NPi,World,GDP|PPP|Per Capita,thousand US$2010/yr,2020,14.998744852874609,ar6
REMIND-MAgPIE 2.1-4.2,SusDev_SSP1-NPi,World,GDP|PPP|Per Capita,thousand US$2010/yr,2025,17.787298951768932,ar6
REMIND-MAgPIE 2.1-4.2,SusDev_SSP1-NPi,World,GDP|PPP|Per Capita,thousand US$2010/yr,2030,21.13525674189908,ar6
REMIND-MAgPIE 2.1-4.2,SusDev_SSP1-NPi,World,GDP|PPP|Per Capita,thousand US$2010/yr,2035,25.032190234671575,ar6
REMIND-MAgPIE 2.1-4.2,SusDev_SSP1-NPi,World,GDP|PPP|Per Capita,thousand US$2010/yr,2040,29.10166029274298,ar6
REMIND-MAgPIE 2.1-4.2,SusDev_SSP1-NPi,World,GDP|PPP|Per Capita,thousand US$2010/yr,2045,33.33890110925907,ar6
REMIND-MAgPIE 2.1-4.2,SusDev_SSP1-NPi,World,GDP|PPP|Per Capita,thousand US$2010/yr,2050,37.64498948411118,ar6
REMIND-MAgPIE 2.1-4.2,SusDev_SSP2-NPi,World,GDP|PPP|Per Capita,thousand US$2010/yr,2020,14.873968660198921,ar6
REMIND-MAgPIE 2.1-4.2,SusDev_SSP2-NPi,World,GDP|PPP|Per Capita,thousand US$2010/yr,2025,17.053780670213403,ar6
REMIND-MAgPIE 2.1-4.2,SusDev_SSP2-NPi,World,GDP|PPP|Per Capita,thousand US$2010/yr,2030,19.131166598915826,ar6
REMIND-MAgPIE 2.1-4.2,SusDev_SSP2-NPi,World,GDP|PPP|Per Capita,thousand US$2010/yr,2035,21.292060524435684,ar6
REMIND-MAgPIE 2.1-4.2,SusDev_SSP2-NPi,World,GDP|PPP|Per Capita,thousand US$2010/yr,2040,23.433152155322897,ar6
REMIND-MAgPIE 2.1-4.2,SusDev_SSP2-NPi,World,GDP|PPP|Per Capita,thousand US$2010/yr,2045,25.675261819979426,ar6
REMIND-MAgPIE 2.1-4.2,SusDev_SSP2-NPi,World,GDP|PPP|Per Capita,thousand US$2010/yr,2050,27.999482816392455,ar6
TIAM-Grantham 3.2,CO_CurPol,World,GDP|PPP|Per Capita,thousand US$2010/yr,2020,13.306489753021545,ar6
TIAM-Grantham 3.2,CO_CurPol,World,GDP|PPP|Per Capita,thousand US$2010/yr,2030,17.321069829359796,ar6
TIAM-Grantham 3.2,CO_CurPol,World,GDP|PPP|Per Capita,thousand US$2010/yr,2040,21.16522530723714,ar6
TIAM-Grantham 3.2,CO_CurPol,World,GDP|PPP|Per Capita,thousand US$2010/yr,2050,25.225602442481737,ar6
WITCH-GLOBIOM 4.2,ADVANCE_Reference,World,GDP|PPP|Per Capita,thousand US$2010/yr,2020,14.530842672737098,ar6
WITCH-GLOBIOM 4.2,ADVANCE_Reference,World,GDP|PPP|Per Capita,thousand US$2010/yr,2025,16.653729521594798,ar6
WITCH-GLOBIOM 4.2,ADVANCE_Reference,World,GDP|PPP|Per Capita,thousand US$2010/yr,2030,18.747038401601884,ar6
WITCH-GLOBIOM 4.2,ADVANCE_Reference,World,GDP|PPP|Per Capita,thousand US$2010/yr,2035,20.767487453806023,ar6
WITCH-GLOBIOM 4.2,ADVANCE_Reference,World,GDP|PPP|Per Capita,thousand US$2010/yr,2040,22.84350002580623,ar6
WITCH-GLOBIOM 4.2,ADVANCE_Reference,World,GDP|PPP|Per Capita,thousand US$2010/yr,2045,25.00088574364829,ar6
WITCH-GLOBIOM 4.2,ADVANCE_Reference,World,GDP|PPP|Per Capita,thousand US$2010/yr,2050,27.231081955391087,ar6
WITCH-GLOBIOM 4.4,CD-LINKS_NPi,World,GDP|PPP|Per Capita,thousand US$2010/yr,2020,14.578076152869333,ar6
WITCH-GLOBIOM 4.4,CD-LINKS_NPi,World,GDP|PPP|Per Capita,thousand US$2010/yr,2025,16.760208207302473,ar6
WITCH-GLOBIOM 4.4,CD-LINKS_NPi,World,GDP|PPP|Per Capita,thousand US$2010/yr,2030,18.885263676363316,ar6
WITCH-GLOBIOM 4.4,CD-LINKS_NPi,World,GDP|PPP|Per Capita,thousand US$2010/yr,2035,20.928747568678954,ar6
WITCH-GLOBIOM 4.4,CD-LINKS_NPi,World,GDP|PPP|Per Capita,thousand US$2010/yr,2040,23.040429160250778,ar6
WITCH-GLOBIOM 4.4,CD-LINKS_NPi,World,GDP|PPP|Per Capita,thousand US$2010/yr,2045,25.235298041105,ar6
WITCH-GLOBIOM 4.4,CD-LINKS_NPi,World,GDP|PPP|Per Capita,thousand US$2010/yr,2050,27.50034850022919,ar6
